Workbook

Sheet DASHBOARD
A1: PERFORMANCE DASHBOARD
A2: QUARTER ENDING | B2: FOURTH
A3: LAST NAME | B3: FIRST NAME | C3: POSITION | D3: AREA | E3: OCTOBER | I3: NOVEMBER | M3: DECEMBER | Q3: QUARTER TOTAL
E4: SALES COLLECTION | H4: CALLS | I4: SALES COLLECTION | L4: CALLS | M4: SALES COLLECTION | P4: CALLS | Q4: SALES COLLECTION | T4: CALLS
E5: IN HOUSE | F5: ETHICAL | G5: COMBI | I5: IN HOUSE | J5: ETHICAL | K5: COMBI | M5: IN HOUSE | N5: ETHICAL | O5: COMBI | Q5: IN HOUSE | R5: ETHICAL | S5: COMBI
A6: Ibañez | B6: =LOOKUP(A6,Sheet1!A6:A13,Sheet1!B6:B13) -> Arlene | C6: =LOOKUP(A6,Sheet1!A6:A13,Sheet1!C6:C13) -> PSR | D6: =LOOKUP($A$6,Sheet1!$A$6:$A$13,Sheet1!D6:D13) -> NORTH | E6: =LOOKUP($A$6,Sheet1!$A$6:$A$13,Sheet1!E6:E13) -> 0 | F6: =LOOKUP($A$6,Sheet1!$A$6:$A$13,Sheet1!F6:F13) -> 10754.11 | G6: =LOOKUP($A$6,Sheet1!$A$6:$A$13,Sheet1!G6:G13) -> 10754.11 | H6: =LOOKUP($A$6,Sheet1!$A$6:$A$13,Sheet1!H6:H13) -> 56 | I6: =LOOKUP($A$6,Sheet1!$A$6:$A$13,Sheet1!I6:I13) -> 0 | J6: =LOOKUP($A$6,Sheet1!$A$6:$A$13,Sheet1!J6:J13) -> 0 | K6: =LOOKUP($A$6,Sheet1!$A$6:$A$13,Sheet1!K6:K13) -> 0 | ... T6: =LOOKUP($A$6,Sheet1!$A$6:$A$13,Sheet1!T6:T13) -> 56
A7: Attainment in % | E7: =E6/(Sheet1!$U$6/3) -> 0 | F7: =F6/(Sheet1!$V$6/3) -> 0.02150822 | G7: =(F6/350000)*(E6/983333.33) -> 0 | H7: =H6/160 -> 0.35 | I7: =I6/(Sheet1!$U$6/3) -> 0 | J7: =J6/(Sheet1!$V$6/3) -> 0 | K7: =(J6/350000)*(I6/983333.33) -> 0 | L7: =L6/160 -> 0 | M7: =M6/(Sheet1!$U$6/3) -> 0 | N7: =N6/(Sheet1!$V$6/3) -> 0 | O7: =(N6/350000)*(M6/983333.33) -> 0 | P7: =P6/160 -> 0 | Q7: =Q6/(Sheet1!$U$6) -> 0 | R7: =R6/(Sheet1!$V$6) -> 0.0071694067 | S7: =(R6/1050000)*(Q6/2950000) -> 0 | T7: =T6/160 -> 0.35
A8: Catch up Amount | E8: =(Sheet1!$U$6/3)-E6 -> 1000000 | F8: =(Sheet1!$V$6/3)-DASHBOARD!F6 -> 489245.89 | G8: =(350000-F6)+(983333.33-E6) -> 1322579.2 | H8: =160-H6 -> 104 | I8: =((Sheet1!$U$6/3)-I6)+E8 -> 2000000 | J8: =((Sheet1!$V$6/3)-DASHBOARD!J6)+F8 -> 989245.89 | K8: =((350000-J6)+(983333.33-I6))+G8 -> 2655912.5 | L8: =160-L6+H8 -> 264 | M8: =((Sheet1!$U$6/3)-M6)+I8 -> 3000000 | N8: =((Sheet1!$V$6/3)-DASHBOARD!N6)+J8 -> 1489245.9 | O8: =((350000-N6)+(983333.33-M6))+K8 -> 3989245.9 | P8: =160-P6+L8 -> 424 | Q8: =Sheet1!$U$6-Q6 -> 3000000 | R8: =(Sheet1!$V$6)-DASHBOARD!R6 -> 1489245.9 | S8: =(1050000-R6)+(2950000-Q6) -> 3989245.9 | T8: =480-T6 -> 424

Sheet Sheet1
A1: PERFORMANCE ATTAINMENT PER PSR
A2: QUARTER ENDING | B2: FOURTH
A3: LAST NAME | B3: FIRST NAME | C3: POSITION | D3: AREA | E3: OCTOBER | I3: NOVEMBER | M3: DECEMBER | Q3: QUARTER TOTAL | U3: TARGETS
E4: SALES COLLECTION | H4: CALLS | I4: SALES COLLECTION | L4: CALLS | M4: SALES COLLECTION | P4: CALLS | Q4: SALES COLLECTION | T4: CALLS | U4: SALES COLLECTION | X4: CALLS
E5: IN HOUSE | F5: ETHICAL | G5: COMBI | I5: IN HOUSE | J5: ETHICAL | K5: COMBI | M5: IN HOUSE | N5: ETHICAL | O5: COMBI | Q5: IN HOUSE | R5: ETHICAL | S5: COMBI | U5: IN HOUSE | V5: ETHICAL | W5: COMBI
A6: Alcantara | B6: Rhea Mae | C6: PSR | D6: NORTH | E6: 0 | F6: 0 | G6: =E6+F6 -> 0 | H6: 85 | K6: =I6+J6 -> 0 | O6: =M6+N6 -> 0 | Q6: =SUM(E6+I6+M6) -> 0 | R6: =F6+J6+N6 -> 0 | S6: =Q6+R6 -> 0 | T6: =H6+L6+P6 -> 85 | U6: 3000000 | V6: 1500000 | W6: 4000000 | X6: 480
A7: Bautista | B7: Joy | C7: PSR | D7: SOUTH | F7: 4981 | G7: =E7+F7 -> 4981 | H7: 94 | K7: =I7+J7 -> 0 | O7: =M7+N7 -> 0 | Q7: =SUM(E7+I7+M7) -> 0 | R7: =F7+J7+N7 -> 4981 | S7: =Q7+R7 -> 4981 | T7: =H7+L7+P7 -> 94 | U7: =SUM(U6) -> 3000000 | V7: 1500000 | W7: 4000000 | X7: 480
A8: Cruz | B8: Daniel | C8: PSR | D8: NORTH | E8: 18928.28 | G8: =E8+F8 -> 18928.28 | H8: 136 | K8: =I8+J8 -> 0 | O8: =M8+N8 -> 0 | Q8: =SUM(E8+I8+M8) -> 18928.28 | R8: =F8+J8+N8 -> 0 | S8: =Q8+R8 -> 18928.28 | T8: =H8+L8+P8 -> 136 | U8: =SUM(U7) -> 3000000 | V8: 1500000 | W8: 4000000 | X8: 480
A9: Dela Peña | B9: Marco Jose | C9: PSR | D9: CARAGA | F9: 65493.19 | G9: =E9+F9 -> 65493.19 | H9: 89 | K9: =I9+J9 -> 0 | O9: =M9+N9 -> 0 | Q9: =SUM(E9+I9+M9) -> 0 | R9: =F9+J9+N9 -> 65493.19 | S9: =Q9+R9 -> 65493.19 | T9: =H9+L9+P9 -> 89 | U9: =SUM(U8) -> 3000000 | V9: 1500000 | W9: 4000000 | X9: 480
A10: Espino | B10: Ramil | C10: PSR | D10: CARAGA | E10: 140512.28 | G10: =E10+F10 -> 140512.28 | H10: 68 | K10: =I10+J10 -> 0 | O10: =M10+N10 -> 0 | Q10: =SUM(E10+I10+M10) -> 140512.28 | R10: =F10+J10+N10 -> 0 | S10: =Q10+R10 -> 140512.28 | T10: =H10+L10+P10 -> 68 | U10: =SUM(U9) -> 3000000 | V10: 1500000 | W10: 4000000 | X10: 480
A11: Flores | B11: Jessa Ann | C11: PSR | D11: NORTH | E11: 0 | G11: =E11+F11 -> 0 | H11: 107 | K11: =I11+J11 -> 0 | O11: =M11+N11 -> 0 | Q11: =SUM(E11+I11+M11) -> 0 | R11: =F11+J11+N11 -> 0 | S11: =Q11+R11 -> 0 | T11: =H11+L11+P11 -> 107 | U11: =SUM(U10) -> 3000000 | V11: 1500000 | W11: 4000000 | X11: 480
A12: Ibañez | B12: Arlene | C12: PSR | D12: NORTH | F12: 10754.11 | G12: =E12+F12 -> 10754.11 | H12: 56 | K12: =I12+J12 -> 0 | O12: =M12+N12 -> 0 | Q12: =SUM(E12+I12+M12) -> 0 | R12: =F12+J12+N12 -> 10754.11 | S12: =Q12+R12 -> 10754.11 | T12: =H12+L12+P12 -> 56 | U12: =SUM(U11) -> 3000000 | V12: 1500000 | W12: 4000000 | X12: 480
A13: Lim | B13: Kevin | C13: PSR | D13: NORTH | G13: =E13+F13 -> 0 | H13: 64 | K13: =I13+J13 -> 0 | O13: =M13+N13 -> 0 | Q13: =SUM(E13+I13+M13) -> 0 | R13: =F13+J13+N13 -> 0 | S13: =Q13+R13 -> 0 | T13: =H13+L13+P13 -> 64 | U13: =SUM(U12) -> 3000000 | V13: 1500000 | W13: 4000000 | X13: 480
A14: Mendoza | B14: Ronald | C14: SUPERVISOR | D14: NORTH | G14: =E14+F14 -> 0 | H14: 45 | K14: =I14+J14 -> 0 | O14: =M14+N14 -> 0 | Q14: =SUM(E14+I14+M14) -> 0 | R14: =F14+J14+N14 -> 0 | S14: =Q14+R14 -> 0 | T14: =H14+L14+P14 -> 45
A15: Navarro | B15: Jessie | C15: SUPERVISOR | D15: SOUTH | F15: 4981 | G15: =E15+F15 -> 4981 | H15: 91 | K15: =I15+J15 -> 0 | O15: =M15+N15 -> 0 | Q15: =SUM(E15+I15+M15) -> 0 | R15: =F15+J15+N15 -> 4981 | S15: =Q15+R15 -> 4981 | T15: =H15+L15+P15 -> 91
A16: Ocampo | B16: Mary Grace | C16: SUPERVISOR | D16: CARAGA | E16: 0 | F16: 0 | G16: =E16+F16 -> 0 | H16: 76 | K16: =I16+J16 -> 0 | O16: =M16+N16 -> 0 | Q16: =SUM(E16+I16+M16) -> 0 | R16: =F16+J16+N16 -> 0 | S16: =Q16+R16 -> 0 | T16: =H16+L16+P16 -> 76
A17: Pascual | B17: Ireneo | C17: GROUP HEAD | D17: N/A | G17: =E17+F17 -> 0 | K17: =I17+J17 -> 0 | O17: =M17+N17 -> 0 | Q17: =SUM(E17+I17+M17) -> 0 | R17: =F17+J17+N17 -> 0 | S17: =Q17+R17 -> 0 | T17: =H17+L17+P17 -> 0
A19: TOTAL | E19: =SUM(E6:E17) -> 159440.56 | F19: =SUM(F6:F17) -> 86209.3 | G19: =SUM(G6:G17) -> 245649.86 | H19: =SUM(H6:H17) -> 911 | I19: =SUM(I6:I17) -> 0 | J19: =SUM(J6:J17) -> 0 | K19: =SUM(K6:K17) -> 0 | L19: =SUM(L6:L17) -> 0 | ... X19: =SUM(X6:X17) -> 3840

Sheet Sheet2
